,BUSI_PROFITS,NET_INCM,TTL_LIAB,CREDIT_RNK,INTEREST
0,1446963739,-7374632256,157122166163,5,3.7
1,-10770463240,-12575176903,10747393473,3,1.9
2,-871043184,2990978124,39230030342,5,1.86
3,-1279963471,5642830132,33229067152,2,1.45
4,-7659578032,-6774265651,13791698222,3,1.75
5,9110041875,11324024146,51436910441,5,1.73
6,-9428069686,-9504672687,4632283170,5,1.96
7,-7885900034,-15968287891,65558445147,5,2.82
8,-5925667076,-5674081218,25688619181,4,1.91
9,-3689907347,-7533672879,11073349372,6,2.05
10,12005224140,11174367864,78835051876,7,2.13
11,-5168126058,-9167810717,18237749117,4,1.96
12,-2010969603,-12171761725,19067809120,4,2.07
13,5010810333,3579659649,52831391460,4,1.85
14,2472936549,496368021,23203123479,5,1.82
15,-8894840290,-7034543398,147541375574,4,3.42
16,-11002946347,-15056316602,37332397532,5,2.45
17,-4559128243,-4045845574,28605617498,6,2.09
18,1465813009,-5573729804,54480369572,6,2.37
19,238383205,-786004664,7457135391,4,1.64
20,1358151097,-2727075568,14561793587,6,1.94
21,2045920047,1626325317,16781461996,4,1.64
22,-7865733942,-21002019710,39583162383,4,2.63
23,-5225617281,-18442063337,22188401988,2,2.12
24,-4921562186,4221616314,101655639329,3,2.17
25,9039406223,10528931301,150173026221,4,2.54
26,846064768,10547375273,41419023609,4,1.58
27,-2954362248,-4357054012,18249176671,4,1.81
28,-4290523298,-5459046951,28150946937,5,2.03
29,-763184174,-3178682411,26967633804,6,2.05
30,-5450503281,-5606227254,19208198330,4,1.86
31,315942198,-5227677619,44930656960,5,2.16
32,-4871936352,-10571066972,44995952402,4,2.26
33,-971911293,-5093386265,3573798198,5,1.83
34,-3263200694,-2669962175,3486713983,3,1.56
35,-4076420586,15717091869,75836290381,4,1.69
36,-812488137,-3454622888,55787493323,5,2.2
37,3493776788,-3160515947,43638560427,6,2.18
38,-2224243696,-2783276023,13604552977,5,1.84
39,365217529,-4022906559,85936321680,4,2.43
40,4673213081,5931264202,53478480440,4,1.79
41,4142845851,-22675632754,2944399339,3,2.19
42,-2790221461,-5791304281,4973393925,2,1.55
43,-1340747596,-4118661092,7774097862,6,1.93
44,1503201824,9194392697,20326679673,4,1.49
45,-278900491,135420582,19336103800,5,1.8
46,512339686,5403460322,72696798608,4,1.96
47,4709367023,3223560076,26738469956,6,1.87
48,-771578849,-3781297232,2901842045,3,1.59
49,8817160238,7840103594,10146944006,5,1.56
50,-3067389602,-1865835716,15676254153,5,1.83
51,8758030218,8431990201,4436872758,5,1.51
52,-6536567328,-13615708276,30593245947,4,2.23
53,7524765749,5565698948,60632887750,5,1.96
54,3362816000,2376958781,54870612843,5,2.0
55,6007433521,2127650992,84853335062,5,2.28
56,1403130168,1040195466,2648377034,3,1.46
57,4412595983,2522492348,41557329221,3,1.7
58,9403996678,4043884006,18950415074,5,1.7
59,2698750936,2689330161,42776875530,5,1.9
60,2075550230,5811351681,22537498923,7,1.88
61,4087518966,1513352984,12648929910,7,1.92
62,2863223450,8603308781,7620355700,5,1.53
63,-2306185812,-1735401755,61095669866,4,2.09
64,5159970722,6633208262,94769302995,5,2.21
65,-8017869441,-4210035599,23818783719,4,1.85
66,7164628656,7804270480,16202930004,6,1.69
67,7751708972,2586494972,182218627207,2,3.2
68,16228314247,13878971363,49923294805,6,1.76
69,2290889562,12985952,65569937966,4,2.07
70,5013956805,-2842080904,42305459590,4,1.96
71,1708207522,12485427341,139290249105,5,2.44
72,3197279190,4128116133,11157716912,5,1.64
73,1914806159,-373996505,3559511870,6,1.8
74,2737812314,2086955858,4475263164,4,1.55
75,84852974,1408647036,23416162062,4,1.69
76,1787402563,-14184473884,36091036576,6,2.5
77,7735366341,2693601396,132473832718,2,2.48
78,5399083114,4610658457,24878249286,3,1.52
79,-1377594631,-254979745,3157993227,3,1.5
80,1624015201,4678174551,7600086243,3,1.41
81,1085093019,697229636,33388883573,5,1.89
82,-405850825,2503605877,28061713841,5,1.8
83,5246183319,890465004,125379399153,6,2.88
84,1989310305,200207554,71828444249,5,2.23
85,5224836988,19082571567,42591486939,6,1.6
86,8881653443,13234488937,22119575448,7,1.71
87,-1624506402,-1382478347,14918418691,2,1.51
88,1092436192,2369789152,4763312920,4,1.55
89,6844956822,5818737524,41805295526,6,1.91
90,24263438845,20032241625,5097314295,6,1.4
91,6884219455,5076526020,22160211203,5,1.69
92,12248793625,10864766116,8423187882,4,1.38
93,22058945290,4439671626,155218818099,4,2.89
94,3511190936,2106447552,49430278939,6,2.07
95,-435182300,-8005993457,78056264317,3,2.41
96,3031592409,2448993175,19869473672,4,1.64
97,1930018959,1580125725,63532014312,5,2.1
98,4885224405,3324027119,34631552560,6,1.92
99,5127706529,3367829681,15540459610,5,1.69
100,-1500612482,-591742366,3957531497,5,1.71
101,5985139575,5757526691,59705303374,6,2.04
102,6237101774,8010296423,13046879319,4,1.47
103,1445900822,413276655,29134719927,5,1.86
104,4102995423,5548997526,18007378936,4,1.55
105,3829649327,3384873878,38368866028,5,1.85
106,-1001759441,-3427846114,40005068497,3,1.86
107,1894998730,328219755,45775103439,2,1.69
108,4381304337,7231684340,3288280024,4,1.43
109,1007624668,402769844,35253796480,7,2.11
110,3916847526,13667171970,57275194063,5,1.71
111,4772962361,4553389112,6254053112,5,1.6
112,2795888389,10479575581,10569807335,4,1.4
113,888293015,1197017621,15418065483,4,1.64
114,-4470903422,-5183869244,7373565285,6,1.96
115,10295518016,11893810565,329198430,6,1.52
116,423875666,-16218107733,27053244268,5,2.39
117,1684332115,3601874285,25610082536,6,1.85
118,930837750,416421200,39837321516,7,2.14
119,-587821786,-331448327,11198297753,3,1.55
120,-1955709855,-842699616,10004999736,5,1.76
121,389361739,10203026015,3651987136,7,1.67
122,11141644773,5715674597,99657814169,7,2.49
123,19809275223,14649765668,85646299289,7,2.09
124,3324830667,3592839489,5678701051,5,1.62
125,-1516744232,-2316205522,1886440137,4,1.64
126,14977804929,13647369225,13285798312,5,1.45
127,247449542,2453813060,29187641892,5,1.81
128,7924651492,8964328969,13947261691,6,1.65
129,1110591983,957732274,15980896202,1,1.35
130,3513245723,3000158848,38865823045,3,1.66
131,3283909946,4979163475,41741323538,4,1.73
132,3753701545,2971551069,23943173298,4,1.66
133,-1663185047,-2022009552,35484257037,5,1.98
134,7324008276,4673849212,13815898366,6,1.75
135,13914956594,8677390140,67189420987,2,1.62
136,18749881452,16231655144,30166995076,6,1.59
137,-2564792220,-3613121389,6479971403,5,1.81
138,2006408352,2902872761,3160469443,5,1.62
139,-2163574905,-13311033409,86244221210,3,2.76
140,-1551396658,-2486587653,50818048235,4,2.03
141,5666559077,5871608576,50073307548,7,2.07
142,9775700730,8524480613,5933562951,5,1.52
143,-1612340779,-2795032053,20736695064,6,1.99
144,16150829300,21146839202,125451788398,4,1.91
145,1334885209,-1631889629,1499638830,3,1.52
146,12852408033,10236081735,70310744135,5,1.89
147,15898458937,11606678564,74421267901,5,1.89
148,11256001412,8146704944,71008097125,7,2.16
149,727982692,357390191,28979994700,5,1.86
150,4318017284,214650201,66736921520,4,2.08
151,15937752853,14642103253,10490540520,5,1.42
152,4411332486,4185972645,46344385135,4,1.78
153,3062728877,855688018,76713122791,5,2.25
154,-1708653084,-1021721151,12630923647,3,1.58
155,2102594182,3706935312,31037840017,5,1.79
156,4315389901,3260754007,8832299285,3,1.45
157,11297544540,9509229370,89958703443,5,2.08
158,5735988048,4807470462,30669349575,4,1.66
159,881104551,-664742250,18203168074,3,1.61
160,655117632,1074256130,17889273449,3,1.56
161,-3252307117,-4201349764,57689389548,5,2.25
162,15131833337,14343994839,22379360299,5,1.49
163,3475801936,3133629986,4271818900,6,1.73
164,23253225218,15829159700,95612080582,6,2.03
165,2094289310,-2484707053,68221396161,4,2.19
166,2190676534,1963841194,9037401129,3,1.48
167,45832455,356093463,6139313261,5,1.7
168,2121537004,1154779711,31520263721,6,1.96
169,12595702294,10722193363,33109945110,3,1.43
170,4180260275,7996311584,3667023658,5,1.52
171,50461464,474263332,33569196790,5,1.89
172,-5887610330,5049031049,95141840661,3,2.07
173,-5549242608,-16437846792,25651744381,2,2.08
174,135795816,-6636572260,15501689175,5,1.96
175,16747379092,14098992344,58152003395,4,1.61
176,1469872996,1046829782,47544066450,4,1.89
177,133503750,6286540409,29908013421,4,1.61
178,-7106603047,-21365618595,20568019126,7,2.72
179,10902258007,10844082478,128743869047,4,2.29
180,434290385,317100449,16118089439,3,1.57
181,231575097,544254306,45691366326,4,1.89
182,-5709497756,-5415548407,34253020386,5,2.08
183,772459399,1915432454,27009766460,6,1.91
184,1242245431,2051059053,29641537111,5,1.82
185,6431879743,5134187102,6804554838,4,1.5
186,-3402361735,-4146155504,11741621568,5,1.86
187,5681250927,4835243850,9515810785,3,1.42
188,5765702799,3135497137,65434763457,3,1.87
189,3494513511,706516248,83268553803,4,2.22
190,1648990997,2668469279,48769499589,4,1.85
191,12226910707,9077424290,158394206653,3,2.61
192,891230679,436282625,35128638186,1,1.51
193,19530471178,15280745939,24824414329,2,1.18
194,3186259878,-7012600319,61080843569,3,2.18
195,7391215169,6084971385,44343072488,5,1.82
196,-463217892,871488272,10199889172,3,1.52
197,575655155,-657458971,50152935197,1,1.66
198,4050403632,1738795778,82677272485,3,2.07
199,2141087737,2625423747,14919533298,7,1.9
200,16512114298,14059262599,13920162770,4,1.35
201,9914996320,6054050783,78874456912,3,1.89
202,-846090574,1919614109,21099418378,5,1.76
203,-4639062187,-4038216790,34021140820,4,1.93
204,-5993780696,-19980211641,11146929962,6,2.47
205,-920018206,-354808043,8586830611,7,1.94
206,-2874819444,-8181715561,57271887537,2,2.09
207,2127067811,2219520179,9932563186,4,1.58
208,6949035711,193198605,40633199726,5,1.96
209,1639003074,-244899830,63746539981,3,1.97
210,6917814081,6645574581,19407012592,5,1.64
211,10715330122,10002748815,9004088563,3,1.3
212,6934955363,1043817332,137167846130,3,2.72
213,-1911376493,-9926818606,18830247819,3,1.89
214,3753265460,3105980494,37570143140,4,1.75
215,9955565576,9400068831,44916648818,5,1.74
216,-1002726911,-5081690413,144395382470,5,3.35
217,4922271513,5130495774,21351493670,4,1.59
218,15180271811,9613575137,97965186828,3,1.94
219,-3367272786,-4912056714,20016038736,4,1.84
220,5061345197,5529615685,54359015518,3,1.71
221,4176072678,4170808699,60042537903,5,1.99
222,1392547179,4826317065,13608795668,5,1.64
223,5012386291,3795016066,9351100411,4,1.54
224,7305641742,6135430823,7293970082,5,1.58
225,264279638,1178220225,1088917695,6,1.75
226,2970986100,4505560494,26289488895,4,1.63
227,-913166144,1759619715,7670061782,4,1.58
228,8215658340,10339275705,39489201224,3,1.48
229,8659690700,7577944663,9254386170,4,1.46
230,-10036019042,-11669922358,21668533068,2,1.87
231,2145844424,2091422161,17279614550,5,1.73
232,2789839984,2738191466,1924910034,4,1.52
233,7490931160,11087063821,43208911803,5,1.68
234,2636060346,1128821700,81965768990,4,2.19
235,5310786589,4749897620,31573196841,6,1.86
236,21321663463,24075785597,67202221685,5,1.53
237,1299131039,-2823471770,21180696071,3,1.69
238,9253142222,8018227290,43592951138,5,1.76
239,-4291895045,-174158032,21477706380,2,1.52
240,1465495013,933152155,28013282254,5,1.84
241,6041345030,5640491375,10730539139,5,1.61
242,1773831840,6907591479,72588504533,5,2.01
243,22069902505,20582381316,94202924986,4,1.69
244,2715663068,2555384619,1202365851,4,1.52
245,5582178228,4762758310,33272494626,5,1.77
246,20087269341,14037071006,111738843574,5,2.12
247,-2082163566,-3972844225,16992306360,3,1.69
248,5004880824,1210623863,11622801338,5,1.72
249,235595909,-424350200,4387807455,5,1.71
250,-1016489960,-1337809839,29922639219,3,1.72
251,16936617780,14378957844,100197325146,4,1.91
252,1162900302,6476919548,7049775529,4,1.47
253,1460881100,6583946865,9150986196,4,1.48
254,7967635492,4965244138,81976507505,5,2.15
255,-2161214871,373153933,19354490557,5,1.79
256,7865052056,1390374102,68372455257,6,2.25
257,11369420376,8035646463,69792797456,5,1.95
258,-425032133,-1050852397,19722469858,7,2.03
259,1254734573,212936876,25257847838,4,1.74
260,-15145522593,-9969398753,13926436403,6,2.15
261,522882779,-1047883038,45988661834,5,2.04
262,2421318878,1323044132,42445510730,3,1.74
263,3886832766,5819445468,6821480813,4,1.48
264,-11550384425,-17533933424,35553556861,4,2.43
265,2012292652,1567309397,43495948960,5,1.94
266,2919986876,4513450103,22380041871,5,1.71
267,5409629097,-7007461554,12676955868,5,1.95
268,8889258857,15229704635,107717035425,4,1.94
269,8626946471,134547013,120930615655,5,2.76
270,16560824364,15837893813,28481657426,5,1.49
271,-16687561299,-16415136844,3790821552,2,1.87
272,12039103671,11234651495,7024913661,6,1.57
273,3071249201,3437041634,8427991903,6,1.74
274,1244207085,77666841,44489706654,6,2.09
275,6228095822,-465985652,131115632890,3,2.71
276,-441680387,-3579556483,22153518791,5,1.92
277,-4560466479,-7296393643,57428337411,3,2.16
278,19588202713,15804253173,13627574973,6,1.51
279,-7333151653,-10602374450,58663296656,3,2.3
280,546190588,-1316665255,8873375337,5,1.76
281,5907530434,4796417345,16171055572,4,1.56
282,-290617580,-9950368911,29292041556,2,1.88
283,691469132,-3836071439,41963133465,5,2.09
284,5190281949,420759975,172914485128,4,3.38
285,12410867064,16180288743,28895606876,4,1.39
286,892433265,-1887627838,14596990462,5,1.82
287,2175230597,1405417038,44441012521,1,1.55
288,2736021308,8802618850,35985733732,3,1.49
289,4780192359,-1585102896,12316794185,4,1.69
290,-4515758813,1837687168,4762784147,4,1.56
291,-5056348365,-11435055270,49559590354,5,2.44
292,17196337581,13875197500,34509035187,4,1.47
293,1858245791,-72363014,30081813593,4,1.78
294,1995492846,2987172829,14712306538,4,1.59
295,1532457819,1424342122,69252739964,4,2.06
296,10405095323,-1736095889,33112080377,5,1.95
297,6602812648,4503560788,20588564555,4,1.6
298,-9167101135,-14882706395,13507566354,5,2.21
299,-4525643269,-6831030932,19957214543,5,2.0
300,4751991267,4579140370,154887868066,4,2.88
301,-824119449,-69384009,49918378752,6,2.14
302,165226849,-4665542194,78818679544,1,2.08
303,8568643954,11480983127,22247134265,5,1.55
304,8254308642,7533274855,71891267591,5,1.99
305,-8220672868,-7730515307,697555635,3,1.68
306,533427617,2311391499,44938143728,3,1.73
307,21664885638,17341484944,9865546556,6,1.47
308,602604137,-244654706,11084689340,3,1.55
309,1281488407,984993244,11502289476,7,1.92
310,3682493336,3108836720,21745748153,4,1.64
311,1597315405,-25099242,25036920010,5,1.84
312,5231537323,8774377239,15648613185,6,1.67
313,14135573622,7486345300,88399170526,5,2.13
314,-2825982245,-2363712279,4542893491,5,1.76
315,935079436,1198581069,60122609771,3,1.89
316,2807934015,1880001112,31565575538,4,1.74
317,8093017225,6859858831,12182061972,6,1.69
318,705203856,479175873,13681529188,5,1.75
319,-2218942481,-4365086543,37970333225,6,2.17
320,3312195223,2573956017,27625760676,2,1.49
321,1543407302,964678801,16754574447,6,1.86
322,1530266289,1062235624,27360242992,3,1.63
323,-15447300496,-16268117497,127664955272,3,3.57
324,1203420462,2200802369,15560184115,5,1.72
325,600639826,435559687,35260547003,4,1.81
326,7366723181,1217704824,49027730085,3,1.79
327,2412602294,2500300119,86137067299,3,2.08
328,5344447755,3999898912,2669564015,5,1.6
329,4207769949,3633529444,89868907602,7,2.47
330,9581678774,25376157035,126074230705,4,1.79
331,21172940683,17991539477,68850393043,5,1.68
332,1812979300,-1200754356,30375591429,7,2.12
333,2101454230,4513026444,18783283507,5,1.68
334,3305011346,3631624656,15872621305,6,1.79
335,-4206325432,-11625465378,20986323268,4,2.06
336,4985161528,4499818595,3329383841,5,1.59
337,-2443211837,-961759727,45368412160,7,2.23
338,1618497001,1490223699,21961118610,5,1.78
339,3484864479,-709539737,74274353098,2,1.98
340,10894454446,9159322777,37245641425,3,1.49
341,8082831425,12854656268,8861316102,5,1.45
342,16969080946,18123380045,31901375758,4,1.36
343,7490904112,1603098861,94247109549,4,2.29
344,-8602180267,-9967649712,25750331748,1,1.75
345,1504829179,1678718945,5478089119,5,1.67
346,682643298,6959684760,34325901036,6,1.83
347,3271141303,2099708106,16904219659,5,1.73
348,2082886269,2608424855,29651167344,3,1.61
349,7565520473,6190140463,20371785713,3,1.45
350,3504613760,3454194482,11739637210,3,1.46
351,1409146011,2480379506,29030833422,6,1.9
352,14680774337,12334335745,26395124093,4,1.45
353,8198887859,3816600801,31126621674,5,1.78
354,7914173651,7747617532,14883193279,7,1.79
355,5388656274,4619658531,54445909491,6,2.03
356,3042024465,3094333203,5004938631,6,1.73
357,9598044015,7263455942,43214336596,3,1.58
358,9507993840,10623082218,78385751825,3,1.75
359,-765144988,-1751955702,3347657584,4,1.64
360,-1542459659,-1778558067,4445446689,3,1.54
361,2307586801,1774745759,10118319405,3,1.49
362,20095395639,17046153274,35998682817,6,1.61
363,-7762444103,-7412172732,60974327272,6,2.5
364,17627147348,14692591784,122747540976,2,1.89
365,-10630730358,-11100339697,9009761843,1,1.64
366,12249238410,5176678820,152602000303,2,2.62
367,2696736965,2012642598,17914413784,7,1.94
368,-363834833,-7175800002,3875052871,5,1.88
369,2192516741,1103047151,17529156801,5,1.76
370,-6827231511,-14131605640,21118595673,2,1.95
371,5564953893,7726745001,8970230983,5,1.55
372,1948233084,1080923926,11892010914,5,1.72
373,5760018579,231833361,1717588968,8,1.98
374,-7356016447,-9202720977,18615941641,8,2.36
375,17061919716,10441379386,54077997464,6,1.87
376,1679210433,9944482759,9297936301,4,1.41
377,2497105966,2835270131,36895461399,4,1.75
378,3294164622,3043247333,53318933479,6,2.07
379,-3667211831,-1967363728,15009673480,4,1.72
380,13733406038,9394425500,73244684186,5,1.94
381,1905641701,860501305,51973854917,7,2.23
382,4739553353,4734517441,44953180859,6,1.96
383,5168407859,2085532738,2571187802,4,1.54
384,3402135474,2578568545,4556782528,6,1.74
385,1424706079,889990373,13480020286,4,1.64
386,1595795419,-7314886518,4838671963,7,2.1
387,4705144537,-401779623,90732165047,2,2.14
388,-1892191247,-23731827372,109417741080,7,4.15
389,-1952090303,-1445275479,10261089314,3,1.58
390,1223118850,1083523123,32173477832,3,1.67
391,8180677071,6792500119,7316173158,3,1.36
392,17818507368,21739514751,48900109385,4,1.38
393,-6687586694,-15678085414,6540360244,3,1.97
394,-1811743212,-10737393414,26179562811,5,2.18
395,746757739,-9631528976,22945253016,5,2.12
396,1206472985,1694354819,7629282867,5,1.68
397,7914919410,9100880135,41154284254,4,1.62
398,11522556927,10920360194,4493715991,2,1.16
399,715170248,1448613041,86783668055,4,2.22
400,-8836543985,-20469996571,20498921805,7,2.69
401,1010866420,-7257859279,16892644189,3,1.79
402,-5151124058,-7164135019,14029780925,6,2.06
403,11948025815,12136695664,19870965746,3,1.32
404,3562554991,1644228940,104400286395,1,2.1
405,13625332307,11756847699,12419710609,7,1.69
406,7743498676,6855633614,44522503948,5,1.8
407,11503796297,11512355296,8567639468,3,1.27
408,2836463566,1203286486,117634669984,2,2.37
409,-3435077370,-5098952596,42177796042,2,1.84
410,-6003150317,-5771236510,878459830,7,2.02
411,251004184,85705550,88345709481,4,2.29
412,2516377202,2239093756,11086466136,6,1.79
413,-4004987502,-4378100420,11594880839,4,1.76
414,5624436196,3629708906,47373764157,4,1.81
415,7342620335,5625349052,55490688936,5,1.91
416,6516687354,16116051568,106319214078,5,2.01
417,8077357785,9125740534,6059928978,4,1.41
418,-3001643763,-4803942336,41658796556,6,2.22
419,2707457897,-796014542,36100208705,3,1.75
420,2653503074,155622736,46456916033,5,2.0
421,2881566405,-1036550850,126575529343,7,3.08
422,-2048083701,-2786879162,2758960509,6,1.86
423,22007881076,18889220090,62290324495,5,1.62
424,1104263517,2654485598,35149690229,5,1.84
425,8308072359,9218032480,40856951642,4,1.61
426,4594043341,7669536573,5314997562,4,1.43
427,-3742402042,-4354471283,40254893011,3,1.89
428,10638812121,8941191666,33293436206,4,1.57
429,1165885701,2557997665,79644402150,5,2.22
430,8521503174,5452247410,31257091322,3,1.54
431,-6280844943,-7870656210,21026344957,4,1.94
432,9436447823,8675047967,41923104628,4,1.63
433,5879243989,6342998296,45862366566,5,1.82
434,-2371423100,-4398530702,3799576635,4,1.71
435,15340397293,12932668229,19090945352,4,1.4
436,366361934,-2257233185,57989270348,6,2.28
437,4779802847,3333269580,21497310741,5,1.73
438,22816115717,20530424708,5866383073,4,1.2
439,831363772,-1555238453,11248261299,3,1.59
440,2937660324,2790336996,66458860101,4,1.99
441,16337228297,13929056176,13758721535,3,1.25
442,2839521528,2514768346,11365142440,3,1.48
443,-1451831143,-871799281,20421510782,6,1.93
444,147177997,1966058190,15920021875,5,1.73
445,-386636320,-345959561,19318520999,4,1.71
446,3637731804,3193948610,23370439811,4,1.65
447,-3394187070,-21759289821,37522647890,4,2.64
448,-161816205,1574965804,8354115092,5,1.69
449,9056299964,7602878294,45315070849,3,1.58
450,6658982626,4219625659,154109833863,4,2.89
451,1153582528,954284397,7675004773,7,1.9
452,1528253090,-1348472484,10154805310,3,1.57
453,-358470275,344909336,8763648717,3,1.52
454,261435139,-18028411850,16025063765,5,2.35
455,2718326206,-339184140,37379791709,5,1.95
456,-5205812896,-7695046761,57354226838,4,2.27
457,-5566317429,-8340257012,97383641732,5,2.86
458,6423381560,5567466046,6596970582,4,1.48
459,3754871530,-1349853925,43450529991,8,2.33
460,2970975960,3182514464,36169226385,6,1.94
461,-2608607054,-3020578248,3186656292,5,1.77
462,-3945578493,-14760196295,1238223083,3,1.89
463,-7463098398,-10204382542,49507630828,4,2.29
464,-6886606137,-11723355041,10208427751,5,2.07
465,-264105997,-519073698,13304246849,6,1.87
466,1103766961,1104133245,25549814816,6,1.92
467,198537264,-9503187287,64870385464,4,2.42
468,2518158785,3032259811,7281846169,4,1.55
469,5492771257,7820589517,101773490082,2,1.94
470,-3421085478,-3131078901,23466860214,5,1.92
471,11066901019,9172784062,61321742290,3,1.66
472,2567820061,6065025685,10398033473,6,1.7
473,4249036482,3537225058,130137166002,4,2.61
474,-4380835445,-20533165821,25625610096,3,2.35
475,4885173786,-12590257600,36005641039,5,2.34
476,-1409594552,-10729311318,2436421227,5,1.98
477,6021456281,5713846859,11219151177,5,1.61
478,7649436796,6080749692,59427556876,5,1.93
479,106501886,-14909220887,1424119613,5,2.1
480,1948615582,2706200532,16178329260,3,1.51
481,-3197648729,-13392493335,30801262489,6,2.42
482,-4736234593,-6830030072,1310701132,3,1.66
483,4711591429,6370110326,68135704958,5,1.99
484,-1957584427,-2483306303,17902020175,2,1.56
485,-3330908433,-3997957837,27068868756,7,2.17
486,-5826274210,-7474916411,17614813408,5,2.0
487,-4134188659,-5376927921,5645455366,7,2.05
488,923263845,2078602811,11497812160,5,1.7
489,4767942248,6176485503,83543095835,4,2.03
490,-5387971850,-1801062041,22090631848,3,1.67
491,3231064116,3130542714,25395612939,6,1.86
492,14519753293,11806613743,8099030083,2,1.16
493,-1171012713,-23422144587,57289544007,6,3.18
494,8664875243,9761730276,26087193924,5,1.61
495,1860291454,-295167753,35061956580,4,1.83
496,-2459881702,-3165129863,19353468719,6,1.99
497,-349328932,-10173342314,33426979593,3,2.03
498,-4609889436,-12043782022,128254632230,4,3.41
499,-6663422252,-11856695344,49201956869,2,2.15
500,7457417654,3745670055,33525566406,5,1.8
501,194988855,1659060544,77344685220,3,2.03
502,7625055617,967482795,61797276634,5,2.11
503,15280577130,22915860607,9877944588,4,1.18
504,16221968503,7626530389,37618148427,5,1.73
505,12099535020,9204465820,72918195986,4,1.84
506,25202714510,18484690573,156314091664,5,2.38
507,-2498326696,-2719287498,39739720530,6,2.14
508,5506386936,3332660745,45373187071,4,1.8
509,2108650209,1709547486,6288943784,4,1.57
510,435054308,1002079396,9546671777,3,1.51
511,11770052487,8233383562,112935250476,6,2.43
512,3963640767,3736350358,7335806491,3,1.43
513,6274492952,1971120721,127377087050,7,2.95
514,18998003498,14673644371,114654834539,6,2.22
515,-673213985,3888406620,24241109732,4,1.64
516,7973584310,5856316677,29108011151,5,1.72
517,17416886434,14408301974,27416589769,3,1.31
518,1364698212,-311034626,13957295075,3,1.57
519,-1571836917,-2765813584,33833312146,4,1.89
520,1960492171,1237494844,25117809537,5,1.81
521,-3635504335,185322118,26741344784,9,2.25
522,10005278585,12259195176,18355066914,6,1.61
523,19715674508,17743632251,141640316834,3,2.06
524,-4033707055,-10142026654,24701820344,4,2.05
525,-15478897179,-11304154368,38636785669,3,2.12
526,17346922909,14769548132,24660396804,6,1.59
527,5186245785,4622717852,44144939313,4,1.76
528,4118737497,1011336093,48354409129,5,1.99
529,9782759992,7415624660,64736093246,3,1.73
530,1126593425,1041914587,11564486863,5,1.72
531,1761899302,1650477639,17619192373,5,1.75
532,11654312400,9626477212,77630550974,3,1.77
533,-4153562398,-7274469168,12267449726,4,1.85
534,-817270090,193460945,43633875566,3,1.78
535,1925440247,2122799265,13990184535,4,1.61
536,3054677722,5810742088,67264750853,6,2.1
537,-415485047,-3631734743,69879806396,4,2.25
538,10915357644,3517421233,21928433410,6,1.83
539,9069958516,6141883615,52563724367,4,1.78
540,14783104207,11635679678,35624947644,5,1.62
541,5293762079,5819396786,38452521547,7,1.98
542,-2103443718,-16736543887,5746550934,6,2.3
543,-4614725017,-5637766017,17999985543,5,1.95
544,7693127924,3152599049,53357830200,3,1.77
545,-3263089733,-6047578694,21906376405,6,2.09
546,2814645613,1886131707,30409539341,6,1.93
547,-1487938342,-17355631998,49644014125,5,2.69
548,-3093807142,-14369329623,13336092833,6,2.29
549,2402547251,-15786151692,72903095149,2,2.6
550,-9282751747,-14753232767,36775514042,6,2.53
551,15147034565,10446693485,149061073229,4,2.53
552,1307041275,-2572776487,35670214852,2,1.7
553,12943024946,9429843958,32515599532,5,1.65
554,13630365520,9710840855,122702306021,5,2.37
555,-856264513,-962453971,20394381235,4,1.74
556,13998447457,12091051563,105764342007,5,2.13
557,-3625523317,-1917861409,5779552952,5,1.76
558,2246724642,2187500529,4889457631,6,1.75
559,69794295,538373949,12516172723,4,1.64
560,658472165,-2690881166,21058754017,4,1.79
561,1872445509,1848309532,2292169537,5,1.64
562,-11518473364,-15090735979,20725857152,4,2.18
563,5036704483,4551888609,4645534709,3,1.4
564,128751609,135430916,10839688435,7,1.94
565,-14591277944,-14668170993,8184115682,6,2.25
566,3070674240,2289020582,21328610539,2,1.46
567,5688213258,41421789,9383235344,6,1.83
568,3998552236,-1036417615,9205588335,3,1.56
569,-1846272324,-2381760121,15428499687,6,1.94
570,-1614428938,-4173008991,24856980794,2,1.66
571,3030763154,4754335920,34872743968,5,1.79
572,-6913524045,-6975809339,4350105982,3,1.68
573,-29513500,37472624,892488050,4,1.58
574,16174739239,13902400559,56574850331,7,1.9
575,-2052683789,-9665824041,6976034166,4,1.88
576,6898664292,5433975526,11297997036,6,1.72
577,5727939448,5343600958,4341468723,5,1.58
578,3501423743,1132106111,2013497420,6,1.76
579,10396276228,8044043788,40487842296,6,1.84
580,-7504066508,-9927703687,35916279757,5,2.24
581,-17487550,-7757700,696723282,4,1.58
582,5017834188,4665593545,15148269526,6,1.76
583,1571673992,-12330050360,8901891489,6,2.18
584,-2374712017,-11286320640,720628073,5,1.98
585,-696411663,-604456121,7195037395,3,1.53
586,4324201606,3238093983,2625830899,6,1.71
587,-2609863887,-2599166886,711505254,2,1.44
588,-22317652,-9883547,716746508,5,1.68
589,-7293611223,-6930344242,2239095245,3,1.67
590,-157781140,-131024522,1230483521,4,1.58
591,7042120865,6057794675,7055229121,4,1.48
592,3748576388,620815654,7210115502,6,1.8
593,-3023878184,-3398753591,3209171434,6,1.88
594,-4933880233,-4693360482,837091038,3,1.6
595,20554179315,20294183971,150402815344,4,2.16
596,9289657519,6019400014,12506261488,3,1.41
597,10153711158,13576765592,24864121917,4,1.42
598,1586674970,-2789489675,8828174330,3,1.6
599,7777319171,5839263462,27840285556,5,1.71
600,-4102497884,-6721613877,4169503489,2,1.57
601,10227308946,8965453923,12522372364,3,1.35
602,-58214280,51649368,762444259,5,1.68
603,6648161928,6735210272,1593852325,7,1.73
604,3732796468,4214585483,12779413778,4,1.55
605,6315559153,8067979834,139000835424,4,2.52
606,6527421595,6041922819,3709497006,6,1.66
607,22715446411,20015389738,15754913135,7,1.55
608,442504706,1005966490,2374849383,4,1.56
609,18089229936,14446829562,13109264505,5,1.44
610,-13711552387,-13217091169,7568850828,2,1.8
611,1106845611,1161915217,4335917278,4,1.57
612,4202719408,3405284563,7363634836,2,1.34
613,988747465,348053561,4285045244,5,1.69
614,8207466487,10358832549,20559647163,5,1.56
615,10036109627,5318864811,151911970896,3,2.7
616,9276998906,2715972387,139843004664,2,2.57
617,-2187346206,-6100940110,84508420751,4,2.5
618,-12240145469,-14377923780,20775053400,5,2.26
619,5580718753,3527021800,6376394017,6,1.73
620,1892663815,1638774986,8680036899,4,1.59
621,2803143319,4028928066,44128446726,3,1.67
622,17001086915,8350363797,123217164039,4,2.33
623,1394824003,2188198165,3341331151,2,1.34
624,-6253286510,-1232765968,45289805319,5,2.04
625,30670627,-1526378343,75631854016,3,2.12
626,10239755372,-17776312623,165162673749,5,4.63
627,-4351886959,-13288275278,41005290640,4,2.32
628,-6491168547,-453381326,121334109756,4,2.69
629,3210690871,7159977675,17856706877,5,1.62
630,757838310,171299165,17610853303,5,1.79
631,4930435427,4438380923,41131735568,6,1.94
632,-1742751474,-3327387175,60812046012,5,2.25
633,18131957667,16320413312,167601217871,5,2.59
634,4134078737,2154613534,64748288547,4,2.0
635,-529362493,-6728999543,13601735576,6,2.05
636,-7996870354,-19438664939,38529478383,5,2.65
637,-5169184581,-8747115398,30736047275,2,1.86
638,-12772648699,-9868651626,30206721870,3,1.99
639,-3833080122,-12449626816,2429636498,5,2.03
640,1414054695,1882181046,15801880907,6,1.83
641,-4473203610,-5286832731,8728967611,7,2.07
642,6019101096,5921953327,6726700341,5,1.58
643,14589320846,12919316463,8970647206,5,1.45
644,-525611575,-460738866,11958754650,4,1.66
645,1227179934,2234809465,9746520612,4,1.58
646,1088916602,-12549687999,48292791325,5,2.47
647,-1570271878,-5563101591,2373940575,5,1.83
648,21760733033,23026019876,93672535632,6,1.82
649,997606636,1864021150,33101949120,5,1.85
650,620273862,844201255,8421135855,6,1.81
651,-8191034536,-10415314899,169286508676,4,4.04
652,333966749,-4284247195,63670042205,6,2.41
653,-2209925330,-6374996242,10603251494,4,1.81
654,-4964479425,-11832274005,28950903728,4,2.15
655,956327223,1022899375,22866245417,3,1.6
656,15982224271,14818028418,66603213631,2,1.45
657,2201647860,762915047,59446081931,6,2.19
658,-1061019018,-950459292,14407766307,3,1.59
659,8895588573,6124813811,26241453253,5,1.69
660,-7688677483,-11576490537,9807884617,5,2.06
661,-48595179,2463500774,34721677037,5,1.85
662,2312402380,10048106066,79541503588,3,1.77
663,-1764057943,633880463,956841760,3,1.46
664,13710304520,12023763500,138846631195,2,2.15
665,-7538634911,-19342811044,20036303848,5,2.44
666,11320089961,8875571446,10220513208,4,1.43
667,-17019330461,-10439938998,56690975069,3,2.27
668,894631460,-2041774508,9407349891,5,1.79
669,-85832309,722073838,1363717142,7,1.86
670,15779586533,13592704174,67289260933,4,1.68
671,1072626643,623325521,49858735652,4,1.92
672,-6941156958,-6495715322,14928077759,3,1.75
673,4621448288,5671198751,57648175976,4,1.83
674,3462879474,3042281933,25870206361,5,1.77
675,1591654812,1729641441,19546837630,6,1.86
676,-12081752534,-10942948929,42313361438,5,2.34
677,-2821251804,-20190563054,65647827190,3,2.83
678,1389563152,-1771663747,62317208714,7,2.41
679,-4121603590,-1343537005,27920799898,7,2.1
680,9192552712,10267828685,14703681969,4,1.43
681,-12609723706,-14171142222,35348203099,6,2.5
682,-3132576913,-8747908181,109411493299,4,2.94
683,857207556,750724614,5208039416,5,1.69
684,3357095848,1681391575,38624720383,2,1.6
685,5879928322,5600658773,24544761735,7,1.89
686,1952851079,2802448110,11495152966,3,1.48
687,295353970,266636621,7103682087,5,1.71
688,-8152538248,-23055099725,125563235430,4,4.11
689,-1031945140,-852809544,18168018215,6,1.92
690,9362014223,10582100027,83315134874,3,1.79
691,2563799338,3361497076,10161345338,5,1.66
692,-2751939391,15171021984,17730014652,2,1.15
693,730229560,2065243081,16678693160,3,1.53
694,11987040622,14275605664,11339033813,7,1.63
695,-3235024286,-11570060865,24027740910,4,2.09
696,-6928292826,-7203806828,1079370298,3,1.66
697,1250558979,1511840496,13778131461,5,1.72
698,767437829,-2632953563,168224643221,7,3.79
699,274420299,534321212,29697682756,3,1.66
700,2755470893,-48787359,16825068892,3,1.59
701,-2245758519,-2108675654,7652923662,4,1.68
702,-1490364000,-4919981000,2374808000,4,1.71
703,10341366860,10471650876,137202696263,6,2.6
704,5022813736,4504161135,22628538624,4,1.61
705,14906274024,11783730037,19654369449,4,1.43
706,6771397838,6094913872,52641862389,5,1.88
707,724995579,741696321,9166854170,6,1.81
708,-6930606257,-1848967823,12448182184,3,1.6
709,-5899804132,-8688032950,1792167736,3,1.71
710,1679277420,4870819751,57434536264,5,1.95
711,812910492,-7181196723,20784140324,6,2.12
712,-6178320501,-20710966061,10530765938,6,2.49
713,1214762974,5860699218,15356754318,6,1.73
714,9028914138,7232006832,22228731907,3,1.44
715,1782618244,1563148435,36241001675,4,1.78
716,-4861519997,-6651486039,92871492410,4,2.62
717,1251183974,1685272023,34311784444,5,1.86
718,31729043,-7460378346,107247641491,5,2.95
719,-26147520,75990128,829567022,7,1.88
720,8637099252,11521401857,71808009574,5,1.87
721,14556969763,12670119391,47044050640,4,1.57
722,3057695082,3229831902,3610792099,5,1.62
723,19526022955,20495624875,44034558298,4,1.38
724,1337595198,-155999663,89294788975,4,2.31
725,8877874847,8729207482,183744886179,3,2.97
726,-9055219393,-13697658078,43169958298,1,2.06
727,-6983472801,-5327286049,24033064104,6,2.09
728,505635026,281088805,32640455945,1,1.49
729,-4416640796,-6463638826,103974690226,1,2.45
730,-593061287,-4779140506,38312282241,8,2.39
731,1722233510,2451955901,29946645549,5,1.81
732,10038886368,7510359682,11423721925,5,1.57
733,2302193000,1588251000,27701926000,4,1.72
734,-1919251338,-5283406148,17262639290,1,1.53
735,12077076248,8440874428,27991148294,6,1.75
736,-832293809,-4743617836,14949035492,5,1.9
737,-3826239762,-5760304428,32373055780,4,1.97
738,3873437545,2686752710,969496543,3,1.42
739,3660817248,3900832471,11705673344,4,1.55
740,-2503464690,-7860173438,79688488587,5,2.62
741,749075733,-3050740892,35885564229,6,2.12
742,-10856264040,-16460211054,53073686409,4,2.59
743,15643111979,10043081605,163407757739,5,2.82
744,2404719067,-3466383293,166348934195,6,3.71
745,6663368118,5266221788,102895365997,5,2.34
746,24765293471,20131591990,44430543492,6,1.59
747,2483620565,1238629239,106247566431,6,2.64
748,17004706461,16979223274,161689084407,5,2.5
749,-4806669640,-5027986155,72763992253,4,2.33
750,-2640018887,-10394515810,19457648612,5,2.11
751,4075404775,5619502623,111150999866,6,2.51
752,-1426091499,-2809419332,16234328919,4,1.76
753,6371606227,4242228897,43051064507,4,1.76
754,1388301480,-22011254506,34464269152,5,2.71
755,9018642953,12493278548,123479931748,7,2.48
756,-1178198079,-13908253416,2142793853,5,2.07
757,11469245243,7150593968,75121867367,3,1.82
758,-2780530276,-3751618271,15309511253,5,1.87
759,-671965817,-4875183514,16322215202,4,1.81
760,1354007761,-6437250549,39105957419,2,1.85
761,8269576573,7801975113,30437728535,5,1.68
762,4740846733,3749941303,116952742549,5,2.55
763,-1442936925,-3363887408,35180581531,5,2.02
764,-4982275100,-7459214645,73258214053,5,2.53
765,3788461825,391664476,156144993537,3,3.02
766,762457014,427942209,21366085716,6,1.9
767,757767996,2852532297,39905896781,7,2.07
768,10169941551,6458724820,89483218336,4,2.07
769,-8662000224,-14161769761,43073690224,5,2.48
770,-7598479954,-1772076256,43806867918,3,1.84
771,11232142004,10074474538,73197485231,3,1.72
772,-9304004030,-13154210210,22097250550,3,2.03
773,1225364,-10931101,24186438,5,1.67
774,3382210497,-10933476171,20662448165,3,1.94
775,-4971658175,-11855534547,30859804858,4,2.16
776,-1555887779,-2715703006,1527751132,4,1.65
777,2293904723,-3383103945,123466737705,7,3.16
778,-12323840277,-18090871274,42007330045,4,2.53
779,9028514571,6553370643,41185359647,6,1.88
780,3468307365,-10347727070,173258336183,1,3.81
781,-1824042703,-3966827934,91667648570,9,2.99
782,1197565022,-7491847153,28286753012,3,1.89
783,108006575,124819655,14538372564,1,1.36
784,-5437284509,-16724316846,10099399186,5,2.24
785,-2026350767,-12666526469,41696512284,4,2.3
786,-6237917281,1681592719,34021633070,6,1.96
787,325411743,-1909455267,23193782630,4,1.78
788,-4033198800,-16684357525,63346393893,4,2.72
789,1802592667,1046778921,9767173351,3,1.51
790,22623028640,21699650360,120838728533,4,1.85
791,3763244821,4386790836,154258752379,6,3.08
792,1331706331,1385410036,5450971393,5,1.67
793,5014567473,21240196886,87484384885,4,1.62
794,-8609125486,1488272277,83822941180,8,2.59
795,7245336413,5477795682,52077683137,3,1.69
796,921473740,1664028881,968800295,6,1.74
797,-929201641,-10300680816,63099006241,4,2.44
798,-9263612681,-7382662735,43459285460,6,2.33
799,-3847398027,-7431151778,73074857012,4,2.43
800,-1912769792,-7545380518,75056666419,3,2.36
801,870002,735372,31452683,5,1.67
802,3641676,-3714588,24141472,4,1.57
803,-4067052838,-8838551461,20143047948,3,1.87
804,-1799210419,-3283882552,7725671971,2,1.51
805,20830488189,19166042668,81838566839,7,1.94
806,4444495778,8707447015,116805758172,3,2.15
807,5392032745,6218078704,231690804,6,1.63
808,2450948555,2316668912,21094667859,6,1.85
809,-1229617793,1079921493,18318870294,2,1.47
810,7499292479,4855829201,145389349987,3,2.64
811,5521182954,5014714954,15910858281,4,1.55
812,5019788461,2318614518,79540901059,4,2.12
813,8103472,1228486735,45960560246,4,1.87
814,-3363766494,-14962578068,15199151141,5,2.23
815,11975046372,7419717437,146670857358,5,2.74
816,-14271581214,-17750608684,101250193645,5,3.42
817,-2156778982,-4844825843,8008699723,3,1.65
818,565828500,-11765714927,88497403734,7,3.11
819,674255101,1107575772,12926010112,7,1.93
820,4267098438,10205255557,32885657557,3,1.44
821,-2862132207,-7298649267,33354816842,4,2.03
822,11558460893,3375886478,35013625801,6,1.92
823,9129454298,6402719763,67703475022,4,1.89
824,1064216375,1314957744,24376282061,1,1.4
825,-5988988852,-2018129508,48837757177,3,1.89
826,-214532951,-13182548709,17838788472,5,2.19
827,-2048717490,1683323971,103036653863,6,2.58
828,-7753942317,-11498244924,43148060184,6,2.47
829,532248075,1977523940,40333396118,4,1.8
830,-9770882320,-20458624370,26180991888,5,2.55
831,16306121758,7564999686,169783969794,5,3.03
832,-1282403641,-12869764887,22873066702,5,2.22
833,-7988953098,920729056,68489046732,4,2.07
834,-9155057217,-16372454159,87675939014,5,3.14
835,2226874274,-3483502519,814514726,4,1.66
836,-3156534282,-3975927501,23614503409,5,1.94
837,-14970733065,-18523298785,33144547262,2,2.25
838,12502805,1362245109,41535557130,7,2.13
839,-3301087499,-4718832223,35907773610,7,2.27
840,-1411380251,2339026418,38755719200,6,1.98
841,-1099164105,-7154144534,104640906186,6,3.0
842,23554980412,17461570812,162074232384,4,2.38
843,260178848,-12680884168,11627090528,5,2.12
844,5897611111,-1399249377,46129306081,5,2.05
845,-879185668,742308743,30263518206,4,1.76
846,1125230323,362885054,12859954752,5,1.75
847,3554235665,-5195775807,43927435300,5,2.15
848,-3420230241,-8274996034,47810164133,2,2.0
849,-13560658545,-14046157054,18791250093,5,2.23
850,4196899780,2251805278,66858331564,4,2.01
851,-5339995561,-6889180584,36105100550,6,2.24
852,6277853612,1144353498,113718079142,5,2.63
853,-310906803,-10098440185,21169348097,2,1.81
854,-6527671339,-18642655960,52846666785,3,2.58
855,-895891050,-721795573,3774607770,6,1.81
856,520019850,4059435303,35406741820,4,1.71
857,-1416949900,-1734074163,33288096475,3,1.75
858,-6374021804,-8477855334,74633432184,3,2.39
859,4777290336,3318265290,21489062741,5,1.73
860,17211149472,22568384309,168521564541,4,2.25
861,2328275972,2599472773,5982696892,6,1.75
862,3433138080,1137781707,25424168205,4,1.71
863,4751990251,4565476182,34860162206,6,1.89
864,4811257573,20619374248,19691800904,3,1.16
865,1763567612,2376266647,15601651511,4,1.62
866,14498869567,13553592649,32989921035,5,1.56
867,614411165,5718725800,11324970467,6,1.71
868,-13609925182,-4175197918,24265335528,3,1.76
869,340946005,1419761338,6506006106,3,1.48
870,3868710826,757691000,40073948521,7,2.13
871,6544078289,3038333188,26762694717,8,2.07
872,14783161109,14116308532,25482893708,4,1.41
873,270171066,427376681,774721641,4,1.57
874,-874187450,111791828,3380681398,7,1.89
875,20019704187,2454277004,65656785534,5,2.09
876,730702193,-1045242758,14061132562,5,1.79
877,9014140253,19634747358,41737079483,5,1.49
878,-6378357452,-6204591418,12015404631,6,2.02
879,-519478430,174939157,1536569697,2,1.38
880,16595956212,12894583861,151825346030,5,2.56
881,15530667465,7185508397,147907357654,4,2.66
882,2548767190,3299091488,71902652466,3,1.92
883,6259461780,5376211415,57227370933,5,1.93
884,4115909528,-7445873870,146008593171,4,3.42
885,4639387152,2310347277,6112683451,5,1.66
886,546415436,488260000,51913001002,5,2.04
887,1321975634,1105109206,9552032987,4,1.61
888,8680809348,8796460291,80769015796,7,2.22
889,4106091236,2762732184,19483076183,4,1.63
890,-7088893325,-6647419927,11614189612,3,1.73
891,9242972031,10037350332,14176695892,5,1.53
892,2436523751,1474314948,37891863374,5,1.9
893,2064785991,1004564576,60967357037,5,2.1
894,225285453,1932094465,3796966063,3,1.45
895,614286266,977735016,11875329663,6,1.83
896,22487829567,23520879536,43299839159,5,1.42
897,11734868981,10892106114,26800033334,4,1.49
898,7404101682,6508500575,27261057395,6,1.79
899,6283960327,4806280095,49501807820,6,1.99
900,16617444857,6751956983,18486658620,4,1.53
901,-7042994527,-6358236553,1003671120,5,1.84
902,806310861,681920514,12086188187,4,1.63
903,-7178740132,-6249310968,53060926315,2,1.98
904,6237629158,7386781628,69290286093,4,1.87
905,-2946957070,-11854078318,42291586406,5,2.38
906,23962015997,19536108678,13371938124,3,1.15
907,2501936799,2331642763,4643018540,6,1.75
908,3655284715,-10237262685,182095319107,5,4.39
909,4144364692,3864310589,15314122443,5,1.68
910,575512881,3566629207,60228851026,5,2.01
911,-5969392108,-9133819177,50865798121,5,2.36
912,909949197,922105226,32213315039,6,1.97
913,3837562760,4645869391,41025871282,5,1.83
914,17303913060,15655241870,54786535168,3,1.45
915,293192887,6134917258,29677031789,5,1.72
916,2350329698,5082426927,25173802869,6,1.81
917,3527000191,6562473404,10162561645,5,1.58
918,6660480822,4628495786,66044957979,6,2.13
919,5140563863,6102782963,36135165198,6,1.86
920,-3223045228,-5105383960,16436540086,5,1.92
921,-1600499398,-6645333926,5755726278,5,1.88
922,25052251401,5708518368,87342168996,3,1.98
923,-4560488750,8812709875,25637756946,6,1.73
924,-5464507335,-9740559286,51861727912,5,2.39
925,1959353583,694058764,34941192060,7,2.1
926,-1400428225,850993260,62151594226,3,1.92
927,6055758143,3834424676,63913637036,5,2.03
928,849342244,709870501,58270084806,3,1.89
929,-5148965679,-8123616554,107673384200,5,2.98
930,5051729224,-372153603,86938526401,4,2.3
931,-1954202917,-3901525899,26328679029,4,1.86
932,-11991185598,-11630728237,25079144310,3,2.0
933,-8164778810,224289443,154929877615,6,3.31
934,-3825655724,-7107525694,16762247219,5,1.98
935,75999845,-1931061081,33500701912,5,1.96
936,10731919873,8223148091,58158703620,5,1.86
937,-5951514529,-13106364540,19098129347,6,2.3
938,24912750050,3486970616,38866467964,3,1.65
939,-8858950164,-10930019415,80351676354,5,2.77
940,-5221737748,-17996327683,48400484449,3,2.5
941,261601550,175361280,9027506096,3,1.53
942,4303916036,4018580505,46895928346,5,1.89
943,884736997,-309134434,54109256095,6,2.18
944,-4687915801,-16812413579,32225529374,6,2.57
945,1367915830,1041291782,27134922481,6,1.93
946,8979414113,12334485201,82818113504,6,2.03
